,yearstart,locationabbr,locationdesc,question,datavalueunit,datavaluetype,datavalue
5841,2014,AK,Alaska,Prevalence of diagnosed diabetes among adults aged >= 18 years,%,Age-adjusted Prevalence,7.7
5927,2015,AK,Alaska,Prevalence of diagnosed diabetes among adults aged >= 18 years,%,Age-adjusted Prevalence,7.8
5869,2016,AK,Alaska,Prevalence of diagnosed diabetes among adults aged >= 18 years,%,Age-adjusted Prevalence,7.8
5926,2017,AK,Alaska,Prevalence of diagnosed diabetes among adults aged >= 18 years,%,Age-adjusted Prevalence,7.6
5856,2018,AK,Alaska,Prevalence of diagnosed diabetes among adults aged >= 18 years,%,Age-adjusted Prevalence,8.7
5930,2019,AK,Alaska,Prevalence of diagnosed diabetes among adults aged >= 18 years,%,Age-adjusted Prevalence,7.1
5867,2014,AL,Alabama,Prevalence of diagnosed diabetes among adults aged >= 18 years,%,Age-adjusted Prevalence,11.9
5635,2015,AL,Alabama,Prevalence of diagnosed diabetes among adults aged >= 18 years,%,Age-adjusted Prevalence,12.1
5879,2016,AL,Alabama,Prevalence of diagnosed diabetes among adults aged >= 18 years,%,Age-adjusted Prevalence,13.3
5941,2017,AL,Alabama,Prevalence of diagnosed diabetes among adults aged >= 18 years,%,Age-adjusted Prevalence,12.7
5685,2018,AL,Alabama,Prevalence of diagnosed diabetes among adults aged >= 18 years,%,Age-adjusted Prevalence,12.8
5938,2019,AL,Alabama,Prevalence of diagnosed diabetes among adults aged >= 18 years,%,Age-adjusted Prevalence,12.2
6118,2014,AR,Arkansas,Prevalence of diagnosed diabetes among adults aged >= 18 years,%,Age-adjusted Prevalence,11.6
6055,2015,AR,Arkansas,Prevalence of diagnosed diabetes among adults aged >= 18 years,%,Age-adjusted Prevalence,11.3
6102,2016,AR,Arkansas,Prevalence of diagnosed diabetes among adults aged >= 18 years,%,Age-adjusted Prevalence,12.2
6113,2017,AR,Arkansas,Prevalence of diagnosed diabetes among adults aged >= 18 years,%,Age-adjusted Prevalence,11.0
6094,2018,AR,Arkansas,Prevalence of diagnosed diabetes among adults aged >= 18 years,%,Age-adjusted Prevalence,12.5
6018,2019,AR,Arkansas,Prevalence of diagnosed diabetes among adults aged >= 18 years,%,Age-adjusted Prevalence,12.2
6492,2014,AZ,Arizona,Prevalence of diagnosed diabetes among adults aged >= 18 years,%,Age-adjusted Prevalence,9.2
6244,2015,AZ,Arizona,Prevalence of diagnosed diabetes among adults aged >= 18 years,%,Age-adjusted Prevalence,9.1
6468,2016,AZ,Arizona,Prevalence of diagnosed diabetes among adults aged >= 18 years,%,Age-adjusted Prevalence,9.8
6251,2017,AZ,Arizona,Prevalence of diagnosed diabetes among adults aged >= 18 years,%,Age-adjusted Prevalence,9.4
6540,2018,AZ,Arizona,Prevalence of diagnosed diabetes among adults aged >= 18 years,%,Age-adjusted Prevalence,9.6
6199,2019,AZ,Arizona,Prevalence of diagnosed diabetes among adults aged >= 18 years,%,Age-adjusted Prevalence,9.8
6194,2014,CA,California,Prevalence of diagnosed diabetes among adults aged >= 18 years,%,Age-adjusted Prevalence,9.9
6286,2015,CA,California,Prevalence of diagnosed diabetes among adults aged >= 18 years,%,Age-adjusted Prevalence,9.7
6183,2016,CA,California,Prevalence of diagnosed diabetes among adults aged >= 18 years,%,Age-adjusted Prevalence,9.7
6288,2017,CA,California,Prevalence of diagnosed diabetes among adults aged >= 18 years,%,Age-adjusted Prevalence,9.9
6169,2018,CA,California,Prevalence of diagnosed diabetes among adults aged >= 18 years,%,Age-adjusted Prevalence,9.8
6291,2019,CA,California,Prevalence of diagnosed diabetes among adults aged >= 18 years,%,Age-adjusted Prevalence,9.4
6708,2014,CO,Colorado,Prevalence of diagnosed diabetes among adults aged >= 18 years,%,Age-adjusted Prevalence,7.0
6784,2015,CO,Colorado,Prevalence of diagnosed diabetes among adults aged >= 18 years,%,Age-adjusted Prevalence,6.4
6699,2016,CO,Colorado,Prevalence of diagnosed diabetes among adults aged >= 18 years,%,Age-adjusted Prevalence,6.2
6766,2017,CO,Colorado,Prevalence of diagnosed diabetes among adults aged >= 18 years,%,Age-adjusted Prevalence,7.0
6702,2018,CO,Colorado,Prevalence of diagnosed diabetes among adults aged >= 18 years,%,Age-adjusted Prevalence,6.6
6751,2019,CO,Colorado,Prevalence of diagnosed diabetes among adults aged >= 18 years,%,Age-adjusted Prevalence,6.6
6823,2014,CT,Connecticut,Prevalence of diagnosed diabetes among adults aged >= 18 years,%,Age-adjusted Prevalence,8.1
6910,2015,CT,Connecticut,Prevalence of diagnosed diabetes among adults aged >= 18 years,%,Age-adjusted Prevalence,8.2
6852,2016,CT,Connecticut,Prevalence of diagnosed diabetes among adults aged >= 18 years,%,Age-adjusted Prevalence,8.6
6908,2017,CT,Connecticut,Prevalence of diagnosed diabetes among adults aged >= 18 years,%,Age-adjusted Prevalence,8.5
6986,2018,CT,Connecticut,Prevalence of diagnosed diabetes among adults aged >= 18 years,%,Age-adjusted Prevalence,8.4
6832,2019,CT,Connecticut,Prevalence of diagnosed diabetes among adults aged >= 18 years,%,Age-adjusted Prevalence,8.3
7187,2014,DC,District of Columbia,Prevalence of diagnosed diabetes among adults aged >= 18 years,%,Age-adjusted Prevalence,9.1
7109,2015,DC,District of Columbia,Prevalence of diagnosed diabetes among adults aged >= 18 years,%,Age-adjusted Prevalence,9.2
7292,2016,DC,District of Columbia,Prevalence of diagnosed diabetes among adults aged >= 18 years,%,Age-adjusted Prevalence,8.4
7110,2017,DC,District of Columbia,Prevalence of diagnosed diabetes among adults aged >= 18 years,%,Age-adjusted Prevalence,8.1
7216,2018,DC,District of Columbia,Prevalence of diagnosed diabetes among adults aged >= 18 years,%,Age-adjusted Prevalence,9.1
7104,2019,DC,District of Columbia,Prevalence of diagnosed diabetes among adults aged >= 18 years,%,Age-adjusted Prevalence,9.4
7038,2014,DE,Delaware,Prevalence of diagnosed diabetes among adults aged >= 18 years,%,Age-adjusted Prevalence,9.9
7102,2015,DE,Delaware,Prevalence of diagnosed diabetes among adults aged >= 18 years,%,Age-adjusted Prevalence,10.0
7148,2016,DE,Delaware,Prevalence of diagnosed diabetes among adults aged >= 18 years,%,Age-adjusted Prevalence,9.1
7249,2017,DE,Delaware,Prevalence of diagnosed diabetes among adults aged >= 18 years,%,Age-adjusted Prevalence,9.6
7165,2018,DE,Delaware,Prevalence of diagnosed diabetes among adults aged >= 18 years,%,Age-adjusted Prevalence,10.2
7117,2019,DE,Delaware,Prevalence of diagnosed diabetes among adults aged >= 18 years,%,Age-adjusted Prevalence,10.9
7459,2014,FL,Florida,Prevalence of diagnosed diabetes among adults aged >= 18 years,%,Age-adjusted Prevalence,9.5
7426,2015,FL,Florida,Prevalence of diagnosed diabetes among adults aged >= 18 years,%,Age-adjusted Prevalence,9.3
7464,2016,FL,Florida,Prevalence of diagnosed diabetes among adults aged >= 18 years,%,Age-adjusted Prevalence,9.8
7416,2017,FL,Florida,Prevalence of diagnosed diabetes among adults aged >= 18 years,%,Age-adjusted Prevalence,8.6
7465,2018,FL,Florida,Prevalence of diagnosed diabetes among adults aged >= 18 years,%,Age-adjusted Prevalence,10.6
7452,2019,FL,Florida,Prevalence of diagnosed diabetes among adults aged >= 18 years,%,Age-adjusted Prevalence,9.4
7827,2014,GA,Georgia,Prevalence of diagnosed diabetes among adults aged >= 18 years,%,Age-adjusted Prevalence,11.1
7896,2015,GA,Georgia,Prevalence of diagnosed diabetes among adults aged >= 18 years,%,Age-adjusted Prevalence,10.7
7817,2016,GA,Georgia,Prevalence of diagnosed diabetes among adults aged >= 18 years,%,Age-adjusted Prevalence,11.5
7888,2017,GA,Georgia,Prevalence of diagnosed diabetes among adults aged >= 18 years,%,Age-adjusted Prevalence,10.7
7822,2018,GA,Georgia,Prevalence of diagnosed diabetes among adults aged >= 18 years,%,Age-adjusted Prevalence,11.8
7876,2019,GA,Georgia,Prevalence of diagnosed diabetes among adults aged >= 18 years,%,Age-adjusted Prevalence,11.2
8028,2014,GU,Guam,Prevalence of diagnosed diabetes among adults aged >= 18 years,%,Age-adjusted Prevalence,12.0
8074,2015,GU,Guam,Prevalence of diagnosed diabetes among adults aged >= 18 years,%,Age-adjusted Prevalence,13.9
8186,2016,GU,Guam,Prevalence of diagnosed diabetes among adults aged >= 18 years,%,Age-adjusted Prevalence,11.6
8062,2017,GU,Guam,Prevalence of diagnosed diabetes among adults aged >= 18 years,%,Age-adjusted Prevalence,15.9
8184,2018,GU,Guam,Prevalence of diagnosed diabetes among adults aged >= 18 years,%,Age-adjusted Prevalence,15.4
8090,2019,GU,Guam,Prevalence of diagnosed diabetes among adults aged >= 18 years,%,Age-adjusted Prevalence,13.4
8301,2014,HI,Hawaii,Prevalence of diagnosed diabetes among adults aged >= 18 years,%,Age-adjusted Prevalence,8.9
7964,2015,HI,Hawaii,Prevalence of diagnosed diabetes among adults aged >= 18 years,%,Age-adjusted Prevalence,7.8
8133,2016,HI,Hawaii,Prevalence of diagnosed diabetes among adults aged >= 18 years,%,Age-adjusted Prevalence,9.5
8251,2017,HI,Hawaii,Prevalence of diagnosed diabetes among adults aged >= 18 years,%,Age-adjusted Prevalence,9.8
8331,2018,HI,Hawaii,Prevalence of diagnosed diabetes among adults aged >= 18 years,%,Age-adjusted Prevalence,10.3
8215,2019,HI,Hawaii,Prevalence of diagnosed diabetes among adults aged >= 18 years,%,Age-adjusted Prevalence,9.3
8400,2014,IA,Iowa,Prevalence of diagnosed diabetes among adults aged >= 18 years,%,Age-adjusted Prevalence,8.5
8467,2015,IA,Iowa,Prevalence of diagnosed diabetes among adults aged >= 18 years,%,Age-adjusted Prevalence,7.7
8397,2016,IA,Iowa,Prevalence of diagnosed diabetes among adults aged >= 18 years,%,Age-adjusted Prevalence,8.2
8458,2017,IA,Iowa,Prevalence of diagnosed diabetes among adults aged >= 18 years,%,Age-adjusted Prevalence,8.3
8410,2018,IA,Iowa,Prevalence of diagnosed diabetes among adults aged >= 18 years,%,Age-adjusted Prevalence,8.8
8455,2019,IA,Iowa,Prevalence of diagnosed diabetes among adults aged >= 18 years,%,Age-adjusted Prevalence,9.1
8576,2014,ID,Idaho,Prevalence of diagnosed diabetes among adults aged >= 18 years,%,Age-adjusted Prevalence,7.1
8724,2015,ID,Idaho,Prevalence of diagnosed diabetes among adults aged >= 18 years,%,Age-adjusted Prevalence,7.4
8557,2016,ID,Idaho,Prevalence of diagnosed diabetes among adults aged >= 18 years,%,Age-adjusted Prevalence,8.1
8725,2017,ID,Idaho,Prevalence of diagnosed diabetes among adults aged >= 18 years,%,Age-adjusted Prevalence,7.9
8636,2018,ID,Idaho,Prevalence of diagnosed diabetes among adults aged >= 18 years,%,Age-adjusted Prevalence,9.2
8642,2019,ID,Idaho,Prevalence of diagnosed diabetes among adults aged >= 18 years,%,Age-adjusted Prevalence,9.3
9140,2014,IL,Illinois,Prevalence of diagnosed diabetes among adults aged >= 18 years,%,Age-adjusted Prevalence,9.4
8808,2015,IL,Illinois,Prevalence of diagnosed diabetes among adults aged >= 18 years,%,Age-adjusted Prevalence,9.2
9165,2016,IL,Illinois,Prevalence of diagnosed diabetes among adults aged >= 18 years,%,Age-adjusted Prevalence,9.5
8887,2017,IL,Illinois,Prevalence of diagnosed diabetes among adults aged >= 18 years,%,Age-adjusted Prevalence,10.1
9204,2018,IL,Illinois,Prevalence of diagnosed diabetes among adults aged >= 18 years,%,Age-adjusted Prevalence,9.1
8799,2019,IL,Illinois,Prevalence of diagnosed diabetes among adults aged >= 18 years,%,Age-adjusted Prevalence,10.0
9028,2014,IN,Indiana,Prevalence of diagnosed diabetes among adults aged >= 18 years,%,Age-adjusted Prevalence,9.8
9073,2015,IN,Indiana,Prevalence of diagnosed diabetes among adults aged >= 18 years,%,Age-adjusted Prevalence,10.6
9063,2016,IN,Indiana,Prevalence of diagnosed diabetes among adults aged >= 18 years,%,Age-adjusted Prevalence,10.6
8852,2017,IN,Indiana,Prevalence of diagnosed diabetes among adults aged >= 18 years,%,Age-adjusted Prevalence,10.7
9175,2018,IN,Indiana,Prevalence of diagnosed diabetes among adults aged >= 18 years,%,Age-adjusted Prevalence,11.3
8862,2019,IN,Indiana,Prevalence of diagnosed diabetes among adults aged >= 18 years,%,Age-adjusted Prevalence,11.2
9238,2014,KS,Kansas,Prevalence of diagnosed diabetes among adults aged >= 18 years,%,Age-adjusted Prevalence,9.6
9423,2015,KS,Kansas,Prevalence of diagnosed diabetes among adults aged >= 18 years,%,Age-adjusted Prevalence,9.0
9261,2016,KS,Kansas,Prevalence of diagnosed diabetes among adults aged >= 18 years,%,Age-adjusted Prevalence,8.6
9419,2017,KS,Kansas,Prevalence of diagnosed diabetes among adults aged >= 18 years,%,Age-adjusted Prevalence,9.6
9218,2018,KS,Kansas,Prevalence of diagnosed diabetes among adults aged >= 18 years,%,Age-adjusted Prevalence,10.5
9416,2019,KS,Kansas,Prevalence of diagnosed diabetes among adults aged >= 18 years,%,Age-adjusted Prevalence,9.8
9524,2014,KY,Kentucky,Prevalence of diagnosed diabetes among adults aged >= 18 years,%,Age-adjusted Prevalence,11.5
9433,2015,KY,Kentucky,Prevalence of diagnosed diabetes among adults aged >= 18 years,%,Age-adjusted Prevalence,12.2
9514,2016,KY,Kentucky,Prevalence of diagnosed diabetes among adults aged >= 18 years,%,Age-adjusted Prevalence,11.9
9450,2017,KY,Kentucky,Prevalence of diagnosed diabetes among adults aged >= 18 years,%,Age-adjusted Prevalence,11.4
9509,2018,KY,Kentucky,Prevalence of diagnosed diabetes among adults aged >= 18 years,%,Age-adjusted Prevalence,12.1
9546,2019,KY,Kentucky,Prevalence of diagnosed diabetes among adults aged >= 18 years,%,Age-adjusted Prevalence,11.7
9663,2014,LA,Louisiana,Prevalence of diagnosed diabetes among adults aged >= 18 years,%,Age-adjusted Prevalence,10.5
9778,2015,LA,Louisiana,Prevalence of diagnosed diabetes among adults aged >= 18 years,%,Age-adjusted Prevalence,11.9
9645,2016,LA,Louisiana,Prevalence of diagnosed diabetes among adults aged >= 18 years,%,Age-adjusted Prevalence,11.1
9754,2017,LA,Louisiana,Prevalence of diagnosed diabetes among adults aged >= 18 years,%,Age-adjusted Prevalence,12.7
9426,2018,LA,Louisiana,Prevalence of diagnosed diabetes among adults aged >= 18 years,%,Age-adjusted Prevalence,12.9
9769,2019,LA,Louisiana,Prevalence of diagnosed diabetes among adults aged >= 18 years,%,Age-adjusted Prevalence,11.4
9899,2014,MA,Massachusetts,Prevalence of diagnosed diabetes among adults aged >= 18 years,%,Age-adjusted Prevalence,8.9
9687,2015,MA,Massachusetts,Prevalence of diagnosed diabetes among adults aged >= 18 years,%,Age-adjusted Prevalence,8.0
10025,2016,MA,Massachusetts,Prevalence of diagnosed diabetes among adults aged >= 18 years,%,Age-adjusted Prevalence,8.2
9670,2017,MA,Massachusetts,Prevalence of diagnosed diabetes among adults aged >= 18 years,%,Age-adjusted Prevalence,8.4
10004,2018,MA,Massachusetts,Prevalence of diagnosed diabetes among adults aged >= 18 years,%,Age-adjusted Prevalence,7.7
9656,2019,MA,Massachusetts,Prevalence of diagnosed diabetes among adults aged >= 18 years,%,Age-adjusted Prevalence,7.4
10161,2014,MD,Maryland,Prevalence of diagnosed diabetes among adults aged >= 18 years,%,Age-adjusted Prevalence,9.3
10283,2015,MD,Maryland,Prevalence of diagnosed diabetes among adults aged >= 18 years,%,Age-adjusted Prevalence,9.4
10163,2016,MD,Maryland,Prevalence of diagnosed diabetes among adults aged >= 18 years,%,Age-adjusted Prevalence,9.8
10210,2017,MD,Maryland,Prevalence of diagnosed diabetes among adults aged >= 18 years,%,Age-adjusted Prevalence,9.4
10157,2018,MD,Maryland,Prevalence of diagnosed diabetes among adults aged >= 18 years,%,Age-adjusted Prevalence,10.8
10234,2019,MD,Maryland,Prevalence of diagnosed diabetes among adults aged >= 18 years,%,Age-adjusted Prevalence,9.8
10370,2014,ME,Maine,Prevalence of diagnosed diabetes among adults aged >= 18 years,%,Age-adjusted Prevalence,7.9
10408,2015,ME,Maine,Prevalence of diagnosed diabetes among adults aged >= 18 years,%,Age-adjusted Prevalence,8.2
10371,2016,ME,Maine,Prevalence of diagnosed diabetes among adults aged >= 18 years,%,Age-adjusted Prevalence,8.5
10420,2017,ME,Maine,Prevalence of diagnosed diabetes among adults aged >= 18 years,%,Age-adjusted Prevalence,8.7
10353,2018,ME,Maine,Prevalence of diagnosed diabetes among adults aged >= 18 years,%,Age-adjusted Prevalence,8.7
10426,2019,ME,Maine,Prevalence of diagnosed diabetes among adults aged >= 18 years,%,Age-adjusted Prevalence,8.7
10824,2014,MI,Michigan,Prevalence of diagnosed diabetes among adults aged >= 18 years,%,Age-adjusted Prevalence,9.1
10748,2015,MI,Michigan,Prevalence of diagnosed diabetes among adults aged >= 18 years,%,Age-adjusted Prevalence,9.7
10855,2016,MI,Michigan,Prevalence of diagnosed diabetes among adults aged >= 18 years,%,Age-adjusted Prevalence,9.9
10517,2017,MI,Michigan,Prevalence of diagnosed diabetes among adults aged >= 18 years,%,Age-adjusted Prevalence,9.5
10869,2018,MI,Michigan,Prevalence of diagnosed diabetes among adults aged >= 18 years,%,Age-adjusted Prevalence,10.2
10512,2019,MI,Michigan,Prevalence of diagnosed diabetes among adults aged >= 18 years,%,Age-adjusted Prevalence,9.6
10557,2014,MN,Minnesota,Prevalence of diagnosed diabetes among adults aged >= 18 years,%,Age-adjusted Prevalence,7.5
10644,2015,MN,Minnesota,Prevalence of diagnosed diabetes among adults aged >= 18 years,%,Age-adjusted Prevalence,6.9
10511,2016,MN,Minnesota,Prevalence of diagnosed diabetes among adults aged >= 18 years,%,Age-adjusted Prevalence,7.6
10622,2017,MN,Minnesota,Prevalence of diagnosed diabetes among adults aged >= 18 years,%,Age-adjusted Prevalence,7.0
10918,2018,MN,Minnesota,Prevalence of diagnosed diabetes among adults aged >= 18 years,%,Age-adjusted Prevalence,7.9
10883,2019,MN,Minnesota,Prevalence of diagnosed diabetes among adults aged >= 18 years,%,Age-adjusted Prevalence,7.8
11091,2014,MO,Missouri,Prevalence of diagnosed diabetes among adults aged >= 18 years,%,Age-adjusted Prevalence,10.1
11133,2015,MO,Missouri,Prevalence of diagnosed diabetes among adults aged >= 18 years,%,Age-adjusted Prevalence,10.3
11095,2016,MO,Missouri,Prevalence of diagnosed diabetes among adults aged >= 18 years,%,Age-adjusted Prevalence,10.3
11127,2017,MO,Missouri,Prevalence of diagnosed diabetes among adults aged >= 18 years,%,Age-adjusted Prevalence,9.2
11084,2018,MO,Missouri,Prevalence of diagnosed diabetes among adults aged >= 18 years,%,Age-adjusted Prevalence,10.3
11125,2019,MO,Missouri,Prevalence of diagnosed diabetes among adults aged >= 18 years,%,Age-adjusted Prevalence,9.0
11325,2014,MS,Mississippi,Prevalence of diagnosed diabetes among adults aged >= 18 years,%,Age-adjusted Prevalence,12.1
11165,2015,MS,Mississippi,Prevalence of diagnosed diabetes among adults aged >= 18 years,%,Age-adjusted Prevalence,13.8
11317,2016,MS,Mississippi,Prevalence of diagnosed diabetes among adults aged >= 18 years,%,Age-adjusted Prevalence,12.6
11168,2017,MS,Mississippi,Prevalence of diagnosed diabetes among adults aged >= 18 years,%,Age-adjusted Prevalence,13.0
11323,2018,MS,Mississippi,Prevalence of diagnosed diabetes among adults aged >= 18 years,%,Age-adjusted Prevalence,13.0
11222,2019,MS,Mississippi,Prevalence of diagnosed diabetes among adults aged >= 18 years,%,Age-adjusted Prevalence,13.4
11788,2014,MT,Montana,Prevalence of diagnosed diabetes among adults aged >= 18 years,%,Age-adjusted Prevalence,7.6
11463,2015,MT,Montana,Prevalence of diagnosed diabetes among adults aged >= 18 years,%,Age-adjusted Prevalence,6.8
11782,2016,MT,Montana,Prevalence of diagnosed diabetes among adults aged >= 18 years,%,Age-adjusted Prevalence,6.9
11473,2017,MT,Montana,Prevalence of diagnosed diabetes among adults aged >= 18 years,%,Age-adjusted Prevalence,6.7
11781,2018,MT,Montana,Prevalence of diagnosed diabetes among adults aged >= 18 years,%,Age-adjusted Prevalence,8.1
11477,2019,MT,Montana,Prevalence of diagnosed diabetes among adults aged >= 18 years,%,Age-adjusted Prevalence,6.4
11808,2014,NC,North Carolina,Prevalence of diagnosed diabetes among adults aged >= 18 years,%,Age-adjusted Prevalence,9.9
11391,2015,NC,North Carolina,Prevalence of diagnosed diabetes among adults aged >= 18 years,%,Age-adjusted Prevalence,9.6
11724,2016,NC,North Carolina,Prevalence of diagnosed diabetes among adults aged >= 18 years,%,Age-adjusted Prevalence,10.2
11625,2017,NC,North Carolina,Prevalence of diagnosed diabetes among adults aged >= 18 years,%,Age-adjusted Prevalence,10.3
11710,2018,NC,North Carolina,Prevalence of diagnosed diabetes among adults aged >= 18 years,%,Age-adjusted Prevalence,11.1
11640,2019,NC,North Carolina,Prevalence of diagnosed diabetes among adults aged >= 18 years,%,Age-adjusted Prevalence,10.6
11850,2014,ND,North Dakota,Prevalence of diagnosed diabetes among adults aged >= 18 years,%,Age-adjusted Prevalence,8.1
11974,2015,ND,North Dakota,Prevalence of diagnosed diabetes among adults aged >= 18 years,%,Age-adjusted Prevalence,8.2
11924,2016,ND,North Dakota,Prevalence of diagnosed diabetes among adults aged >= 18 years,%,Age-adjusted Prevalence,8.2
11884,2017,ND,North Dakota,Prevalence of diagnosed diabetes among adults aged >= 18 years,%,Age-adjusted Prevalence,8.6
11938,2018,ND,North Dakota,Prevalence of diagnosed diabetes among adults aged >= 18 years,%,Age-adjusted Prevalence,8.8
11879,2019,ND,North Dakota,Prevalence of diagnosed diabetes among adults aged >= 18 years,%,Age-adjusted Prevalence,8.3
12105,2014,NE,Nebraska,Prevalence of diagnosed diabetes among adults aged >= 18 years,%,Age-adjusted Prevalence,8.4
12146,2015,NE,Nebraska,Prevalence of diagnosed diabetes among adults aged >= 18 years,%,Age-adjusted Prevalence,8.0
12112,2016,NE,Nebraska,Prevalence of diagnosed diabetes among adults aged >= 18 years,%,Age-adjusted Prevalence,8.1
12153,2017,NE,Nebraska,Prevalence of diagnosed diabetes among adults aged >= 18 years,%,Age-adjusted Prevalence,9.3
12111,2018,NE,Nebraska,Prevalence of diagnosed diabetes among adults aged >= 18 years,%,Age-adjusted Prevalence,8.9
12140,2019,NE,Nebraska,Prevalence of diagnosed diabetes among adults aged >= 18 years,%,Age-adjusted Prevalence,9.2
12531,2014,NH,New Hampshire,Prevalence of diagnosed diabetes among adults aged >= 18 years,%,Age-adjusted Prevalence,7.9
12430,2015,NH,New Hampshire,Prevalence of diagnosed diabetes among adults aged >= 18 years,%,Age-adjusted Prevalence,6.8
12558,2016,NH,New Hampshire,Prevalence of diagnosed diabetes among adults aged >= 18 years,%,Age-adjusted Prevalence,7.7
12436,2017,NH,New Hampshire,Prevalence of diagnosed diabetes among adults aged >= 18 years,%,Age-adjusted Prevalence,7.2
12499,2018,NH,New Hampshire,Prevalence of diagnosed diabetes among adults aged >= 18 years,%,Age-adjusted Prevalence,8.6
12392,2019,NH,New Hampshire,Prevalence of diagnosed diabetes among adults aged >= 18 years,%,Age-adjusted Prevalence,8.0
12334,2014,NJ,New Jersey,Prevalence of diagnosed diabetes among adults aged >= 18 years,%,Age-adjusted Prevalence,8.7
12654,2015,NJ,New Jersey,Prevalence of diagnosed diabetes among adults aged >= 18 years,%,Age-adjusted Prevalence,7.9
12611,2016,NJ,New Jersey,Prevalence of diagnosed diabetes among adults aged >= 18 years,%,Age-adjusted Prevalence,8.1
12494,2017,NJ,New Jersey,Prevalence of diagnosed diabetes among adults aged >= 18 years,%,Age-adjusted Prevalence,9.8
12309,2018,NJ,New Jersey,Prevalence of diagnosed diabetes among adults aged >= 18 years,%,Age-adjusted Prevalence,9.5
12414,2019,NJ,New Jersey,Prevalence of diagnosed diabetes among adults aged >= 18 years,%,Age-adjusted Prevalence,
12759,2014,NM,New Mexico,Prevalence of diagnosed diabetes among adults aged >= 18 years,%,Age-adjusted Prevalence,10.5
12831,2015,NM,New Mexico,Prevalence of diagnosed diabetes among adults aged >= 18 years,%,Age-adjusted Prevalence,10.5
12780,2016,NM,New Mexico,Prevalence of diagnosed diabetes among adults aged >= 18 years,%,Age-adjusted Prevalence,10.5
12828,2017,NM,New Mexico,Prevalence of diagnosed diabetes among adults aged >= 18 years,%,Age-adjusted Prevalence,9.7
12775,2018,NM,New Mexico,Prevalence of diagnosed diabetes among adults aged >= 18 years,%,Age-adjusted Prevalence,11.3
12843,2019,NM,New Mexico,Prevalence of diagnosed diabetes among adults aged >= 18 years,%,Age-adjusted Prevalence,11.0
12920,2014,NV,Nevada,Prevalence of diagnosed diabetes among adults aged >= 18 years,%,Age-adjusted Prevalence,8.9
13090,2015,NV,Nevada,Prevalence of diagnosed diabetes among adults aged >= 18 years,%,Age-adjusted Prevalence,9.0
12956,2016,NV,Nevada,Prevalence of diagnosed diabetes among adults aged >= 18 years,%,Age-adjusted Prevalence,10.1
13041,2017,NV,Nevada,Prevalence of diagnosed diabetes among adults aged >= 18 years,%,Age-adjusted Prevalence,9.4
12953,2018,NV,Nevada,Prevalence of diagnosed diabetes among adults aged >= 18 years,%,Age-adjusted Prevalence,9.6
13025,2019,NV,Nevada,Prevalence of diagnosed diabetes among adults aged >= 18 years,%,Age-adjusted Prevalence,9.9
13304,2014,NY,New York,Prevalence of diagnosed diabetes among adults aged >= 18 years,%,Age-adjusted Prevalence,9.2
13203,2015,NY,New York,Prevalence of diagnosed diabetes among adults aged >= 18 years,%,Age-adjusted Prevalence,9.0
13345,2016,NY,New York,Prevalence of diagnosed diabetes among adults aged >= 18 years,%,Age-adjusted Prevalence,9.5
13470,2017,NY,New York,Prevalence of diagnosed diabetes among adults aged >= 18 years,%,Age-adjusted Prevalence,9.4
13340,2018,NY,New York,Prevalence of diagnosed diabetes among adults aged >= 18 years,%,Age-adjusted Prevalence,9.8
13457,2019,NY,New York,Prevalence of diagnosed diabetes among adults aged >= 18 years,%,Age-adjusted Prevalence,9.4
13404,2014,OH,Ohio,Prevalence of diagnosed diabetes among adults aged >= 18 years,%,Age-adjusted Prevalence,10.4
13521,2015,OH,Ohio,Prevalence of diagnosed diabetes among adults aged >= 18 years,%,Age-adjusted Prevalence,9.6
13238,2016,OH,Ohio,Prevalence of diagnosed diabetes among adults aged >= 18 years,%,Age-adjusted Prevalence,9.7
13339,2017,OH,Ohio,Prevalence of diagnosed diabetes among adults aged >= 18 years,%,Age-adjusted Prevalence,10.0
13295,2018,OH,Ohio,Prevalence of diagnosed diabetes among adults aged >= 18 years,%,Age-adjusted Prevalence,10.7
13405,2019,OH,Ohio,Prevalence of diagnosed diabetes among adults aged >= 18 years,%,Age-adjusted Prevalence,10.3
13685,2014,OK,Oklahoma,Prevalence of diagnosed diabetes among adults aged >= 18 years,%,Age-adjusted Prevalence,11.0
13614,2015,OK,Oklahoma,Prevalence of diagnosed diabetes among adults aged >= 18 years,%,Age-adjusted Prevalence,10.8
13682,2016,OK,Oklahoma,Prevalence of diagnosed diabetes among adults aged >= 18 years,%,Age-adjusted Prevalence,11.1
13629,2017,OK,Oklahoma,Prevalence of diagnosed diabetes among adults aged >= 18 years,%,Age-adjusted Prevalence,11.8
13690,2018,OK,Oklahoma,Prevalence of diagnosed diabetes among adults aged >= 18 years,%,Age-adjusted Prevalence,11.4
13631,2019,OK,Oklahoma,Prevalence of diagnosed diabetes among adults aged >= 18 years,%,Age-adjusted Prevalence,11.1
13892,2014,OR,Oregon,Prevalence of diagnosed diabetes among adults aged >= 18 years,%,Age-adjusted Prevalence,8.0
13968,2015,OR,Oregon,Prevalence of diagnosed diabetes among adults aged >= 18 years,%,Age-adjusted Prevalence,9.6
13874,2016,OR,Oregon,Prevalence of diagnosed diabetes among adults aged >= 18 years,%,Age-adjusted Prevalence,8.5
13936,2017,OR,Oregon,Prevalence of diagnosed diabetes among adults aged >= 18 years,%,Age-adjusted Prevalence,8.4
13888,2018,OR,Oregon,Prevalence of diagnosed diabetes among adults aged >= 18 years,%,Age-adjusted Prevalence,10.0
13954,2019,OR,Oregon,Prevalence of diagnosed diabetes among adults aged >= 18 years,%,Age-adjusted Prevalence,7.5
14008,2014,PA,Pennsylvania,Prevalence of diagnosed diabetes among adults aged >= 18 years,%,Age-adjusted Prevalence,9.7
14123,2015,PA,Pennsylvania,Prevalence of diagnosed diabetes among adults aged >= 18 years,%,Age-adjusted Prevalence,8.9
14047,2016,PA,Pennsylvania,Prevalence of diagnosed diabetes among adults aged >= 18 years,%,Age-adjusted Prevalence,9.7
14162,2017,PA,Pennsylvania,Prevalence of diagnosed diabetes among adults aged >= 18 years,%,Age-adjusted Prevalence,9.1
14015,2018,PA,Pennsylvania,Prevalence of diagnosed diabetes among adults aged >= 18 years,%,Age-adjusted Prevalence,9.9
14127,2019,PA,Pennsylvania,Prevalence of diagnosed diabetes among adults aged >= 18 years,%,Age-adjusted Prevalence,9.2
14069,2014,PR,Puerto Rico,Prevalence of diagnosed diabetes among adults aged >= 18 years,%,Age-adjusted Prevalence,14.3
14148,2015,PR,Puerto Rico,Prevalence of diagnosed diabetes among adults aged >= 18 years,%,Age-adjusted Prevalence,14.8
14044,2016,PR,Puerto Rico,Prevalence of diagnosed diabetes among adults aged >= 18 years,%,Age-adjusted Prevalence,13.8
14140,2017,PR,Puerto Rico,Prevalence of diagnosed diabetes among adults aged >= 18 years,%,Age-adjusted Prevalence,15.0
14053,2018,PR,Puerto Rico,Prevalence of diagnosed diabetes among adults aged >= 18 years,%,Age-adjusted Prevalence,13.2
14213,2019,PR,Puerto Rico,Prevalence of diagnosed diabetes among adults aged >= 18 years,%,Age-adjusted Prevalence,14.5
14580,2014,RI,Rhode Island,Prevalence of diagnosed diabetes among adults aged >= 18 years,%,Age-adjusted Prevalence,8.4
14617,2015,RI,Rhode Island,Prevalence of diagnosed diabetes among adults aged >= 18 years,%,Age-adjusted Prevalence,7.9
14581,2016,RI,Rhode Island,Prevalence of diagnosed diabetes among adults aged >= 18 years,%,Age-adjusted Prevalence,8.6
14608,2017,RI,Rhode Island,Prevalence of diagnosed diabetes among adults aged >= 18 years,%,Age-adjusted Prevalence,7.9
14567,2018,RI,Rhode Island,Prevalence of diagnosed diabetes among adults aged >= 18 years,%,Age-adjusted Prevalence,9.6
14600,2019,RI,Rhode Island,Prevalence of diagnosed diabetes among adults aged >= 18 years,%,Age-adjusted Prevalence,9.1
14814,2014,SC,South Carolina,Prevalence of diagnosed diabetes among adults aged >= 18 years,%,Age-adjusted Prevalence,10.8
14765,2015,SC,South Carolina,Prevalence of diagnosed diabetes among adults aged >= 18 years,%,Age-adjusted Prevalence,10.6
14813,2016,SC,South Carolina,Prevalence of diagnosed diabetes among adults aged >= 18 years,%,Age-adjusted Prevalence,11.5
14740,2017,SC,South Carolina,Prevalence of diagnosed diabetes among adults aged >= 18 years,%,Age-adjusted Prevalence,12.0
14793,2018,SC,South Carolina,Prevalence of diagnosed diabetes among adults aged >= 18 years,%,Age-adjusted Prevalence,11.7
14748,2019,SC,South Carolina,Prevalence of diagnosed diabetes among adults aged >= 18 years,%,Age-adjusted Prevalence,11.6
14996,2014,SD,South Dakota,Prevalence of diagnosed diabetes among adults aged >= 18 years,%,Age-adjusted Prevalence,8.2
15082,2015,SD,South Dakota,Prevalence of diagnosed diabetes among adults aged >= 18 years,%,Age-adjusted Prevalence,8.4
15010,2016,SD,South Dakota,Prevalence of diagnosed diabetes among adults aged >= 18 years,%,Age-adjusted Prevalence,6.9
15115,2017,SD,South Dakota,Prevalence of diagnosed diabetes among adults aged >= 18 years,%,Age-adjusted Prevalence,10.0
15008,2018,SD,South Dakota,Prevalence of diagnosed diabetes among adults aged >= 18 years,%,Age-adjusted Prevalence,8.3
15105,2019,SD,South Dakota,Prevalence of diagnosed diabetes among adults aged >= 18 years,%,Age-adjusted Prevalence,9.3
15243,2014,TN,Tennessee,Prevalence of diagnosed diabetes among adults aged >= 18 years,%,Age-adjusted Prevalence,11.9
15122,2015,TN,Tennessee,Prevalence of diagnosed diabetes among adults aged >= 18 years,%,Age-adjusted Prevalence,11.5
15021,2016,TN,Tennessee,Prevalence of diagnosed diabetes among adults aged >= 18 years,%,Age-adjusted Prevalence,11.3
15280,2017,TN,Tennessee,Prevalence of diagnosed diabetes among adults aged >= 18 years,%,Age-adjusted Prevalence,11.7
15118,2018,TN,Tennessee,Prevalence of diagnosed diabetes among adults aged >= 18 years,%,Age-adjusted Prevalence,12.2
15237,2019,TN,Tennessee,Prevalence of diagnosed diabetes among adults aged >= 18 years,%,Age-adjusted Prevalence,12.1
15444,2014,TX,Texas,Prevalence of diagnosed diabetes among adults aged >= 18 years,%,Age-adjusted Prevalence,10.9
15418,2015,TX,Texas,Prevalence of diagnosed diabetes among adults aged >= 18 years,%,Age-adjusted Prevalence,11.2
15437,2016,TX,Texas,Prevalence of diagnosed diabetes among adults aged >= 18 years,%,Age-adjusted Prevalence,11.0
15353,2017,TX,Texas,Prevalence of diagnosed diabetes among adults aged >= 18 years,%,Age-adjusted Prevalence,11.7
15425,2018,TX,Texas,Prevalence of diagnosed diabetes among adults aged >= 18 years,%,Age-adjusted Prevalence,12.2
15464,2019,TX,Texas,Prevalence of diagnosed diabetes among adults aged >= 18 years,%,Age-adjusted Prevalence,11.9
15648,2014,US,United States,Prevalence of diagnosed diabetes among adults aged >= 18 years,%,Age-adjusted Prevalence,9.1
15761,2015,US,United States,Prevalence of diagnosed diabetes among adults aged >= 18 years,%,Age-adjusted Prevalence,9.1
15885,2016,US,United States,Prevalence of diagnosed diabetes among adults aged >= 18 years,%,Age-adjusted Prevalence,9.5
15575,2017,US,United States,Prevalence of diagnosed diabetes among adults aged >= 18 years,%,Age-adjusted Prevalence,9.4
15532,2018,US,United States,Prevalence of diagnosed diabetes among adults aged >= 18 years,%,Age-adjusted Prevalence,9.8
15694,2019,US,United States,Prevalence of diagnosed diabetes among adults aged >= 18 years,%,Age-adjusted Prevalence,9.4
15641,2014,UT,Utah,Prevalence of diagnosed diabetes among adults aged >= 18 years,%,Age-adjusted Prevalence,7.7
15543,2015,UT,Utah,Prevalence of diagnosed diabetes among adults aged >= 18 years,%,Age-adjusted Prevalence,7.6
15651,2016,UT,Utah,Prevalence of diagnosed diabetes among adults aged >= 18 years,%,Age-adjusted Prevalence,7.7
15562,2017,UT,Utah,Prevalence of diagnosed diabetes among adults aged >= 18 years,%,Age-adjusted Prevalence,7.5
15689,2018,UT,Utah,Prevalence of diagnosed diabetes among adults aged >= 18 years,%,Age-adjusted Prevalence,8.8
15566,2019,UT,Utah,Prevalence of diagnosed diabetes among adults aged >= 18 years,%,Age-adjusted Prevalence,8.3
16140,2014,VA,Virginia,Prevalence of diagnosed diabetes among adults aged >= 18 years,%,Age-adjusted Prevalence,9.1
16081,2015,VA,Virginia,Prevalence of diagnosed diabetes among adults aged >= 18 years,%,Age-adjusted Prevalence,9.6
15947,2016,VA,Virginia,Prevalence of diagnosed diabetes among adults aged >= 18 years,%,Age-adjusted Prevalence,9.6
16150,2017,VA,Virginia,Prevalence of diagnosed diabetes among adults aged >= 18 years,%,Age-adjusted Prevalence,9.6
15962,2018,VA,Virginia,Prevalence of diagnosed diabetes among adults aged >= 18 years,%,Age-adjusted Prevalence,9.6
16114,2019,VA,Virginia,Prevalence of diagnosed diabetes among adults aged >= 18 years,%,Age-adjusted Prevalence,9.9
16507,2014,VI,Virgin Islands,Prevalence of diagnosed diabetes among adults aged >= 18 years,%,Age-adjusted Prevalence,
16410,2015,VI,Virgin Islands,Prevalence of diagnosed diabetes among adults aged >= 18 years,%,Age-adjusted Prevalence,
16502,2016,VI,Virgin Islands,Prevalence of diagnosed diabetes among adults aged >= 18 years,%,Age-adjusted Prevalence,11.6
16414,2017,VI,Virgin Islands,Prevalence of diagnosed diabetes among adults aged >= 18 years,%,Age-adjusted Prevalence,
16491,2018,VI,Virgin Islands,Prevalence of diagnosed diabetes among adults aged >= 18 years,%,Age-adjusted Prevalence,
16403,2019,VI,Virgin Islands,Prevalence of diagnosed diabetes among adults aged >= 18 years,%,Age-adjusted Prevalence,
16572,2014,VT,Vermont,Prevalence of diagnosed diabetes among adults aged >= 18 years,%,Age-adjusted Prevalence,7.0
16529,2015,VT,Vermont,Prevalence of diagnosed diabetes among adults aged >= 18 years,%,Age-adjusted Prevalence,7.1
16194,2016,VT,Vermont,Prevalence of diagnosed diabetes among adults aged >= 18 years,%,Age-adjusted Prevalence,7.4
16528,2017,VT,Vermont,Prevalence of diagnosed diabetes among adults aged >= 18 years,%,Age-adjusted Prevalence,6.9
16181,2018,VT,Vermont,Prevalence of diagnosed diabetes among adults aged >= 18 years,%,Age-adjusted Prevalence,7.7
16552,2019,VT,Vermont,Prevalence of diagnosed diabetes among adults aged >= 18 years,%,Age-adjusted Prevalence,7.4
16767,2014,WA,Washington,Prevalence of diagnosed diabetes among adults aged >= 18 years,%,Age-adjusted Prevalence,8.2
16735,2015,WA,Washington,Prevalence of diagnosed diabetes among adults aged >= 18 years,%,Age-adjusted Prevalence,7.7
16793,2016,WA,Washington,Prevalence of diagnosed diabetes among adults aged >= 18 years,%,Age-adjusted Prevalence,8.6
16734,2017,WA,Washington,Prevalence of diagnosed diabetes among adults aged >= 18 years,%,Age-adjusted Prevalence,8.4
16777,2018,WA,Washington,Prevalence of diagnosed diabetes among adults aged >= 18 years,%,Age-adjusted Prevalence,9.0
16716,2019,WA,Washington,Prevalence of diagnosed diabetes among adults aged >= 18 years,%,Age-adjusted Prevalence,8.5
16988,2014,WI,Wisconsin,Prevalence of diagnosed diabetes among adults aged >= 18 years,%,Age-adjusted Prevalence,8.0
16859,2015,WI,Wisconsin,Prevalence of diagnosed diabetes among adults aged >= 18 years,%,Age-adjusted Prevalence,7.5
16938,2016,WI,Wisconsin,Prevalence of diagnosed diabetes among adults aged >= 18 years,%,Age-adjusted Prevalence,8.6
16899,2017,WI,Wisconsin,Prevalence of diagnosed diabetes among adults aged >= 18 years,%,Age-adjusted Prevalence,8.2
16944,2018,WI,Wisconsin,Prevalence of diagnosed diabetes among adults aged >= 18 years,%,Age-adjusted Prevalence,7.4
16897,2019,WI,Wisconsin,Prevalence of diagnosed diabetes among adults aged >= 18 years,%,Age-adjusted Prevalence,7.5
17185,2014,WV,West Virginia,Prevalence of diagnosed diabetes among adults aged >= 18 years,%,Age-adjusted Prevalence,12.2
17072,2015,WV,West Virginia,Prevalence of diagnosed diabetes among adults aged >= 18 years,%,Age-adjusted Prevalence,12.6
17181,2016,WV,West Virginia,Prevalence of diagnosed diabetes among adults aged >= 18 years,%,Age-adjusted Prevalence,12.8
17172,2017,WV,West Virginia,Prevalence of diagnosed diabetes among adults aged >= 18 years,%,Age-adjusted Prevalence,12.9
17274,2018,WV,West Virginia,Prevalence of diagnosed diabetes among adults aged >= 18 years,%,Age-adjusted Prevalence,13.6
17092,2019,WV,West Virginia,Prevalence of diagnosed diabetes among adults aged >= 18 years,%,Age-adjusted Prevalence,13.1
17214,2014,WY,Wyoming,Prevalence of diagnosed diabetes among adults aged >= 18 years,%,Age-adjusted Prevalence,7.8
17310,2015,WY,Wyoming,Prevalence of diagnosed diabetes among adults aged >= 18 years,%,Age-adjusted Prevalence,7.6
17215,2016,WY,Wyoming,Prevalence of diagnosed diabetes among adults aged >= 18 years,%,Age-adjusted Prevalence,7.6
17340,2017,WY,Wyoming,Prevalence of diagnosed diabetes among adults aged >= 18 years,%,Age-adjusted Prevalence,8.2
17224,2018,WY,Wyoming,Prevalence of diagnosed diabetes among adults aged >= 18 years,%,Age-adjusted Prevalence,7.9
17301,2019,WY,Wyoming,Prevalence of diagnosed diabetes among adults aged >= 18 years,%,Age-adjusted Prevalence,6.8
